GROUP,PACKAGE,CLASS,INSTRUCTION_MISSED,INSTRUCTION_COVERED,BRANCH_MISSED,BRANCH_COVERED,LINE_MISSED,LINE_COVERED,COMPLEXITY_MISSED,COMPLEXITY_COVERED,METHOD_MISSED,METHOD_COVERED
JDBCDemo,com.revature.dao,AccountDao,400,11,18,0,132,4,18,2,9,2
JDBCDemo,com.revature.dao,UserDao,339,3,14,0,101,1,14,1,7,1
JDBCDemo,com.revature.models,User,268,23,35,1,67,11,30,6,12,6
JDBCDemo,com.revature.models,Account,93,72,7,5,15,21,11,7,6,6
JDBCDemo,com.revature.models,Role,34,0,0,0,4,0,1,0,1,0
JDBCDemo,com.revature,App,950,0,127,0,289,0,75,0,4,0
JDBCDemo,com.revature.service,AccountsService,27,315,2,34,8,90,3,25,2,8
JDBCDemo,com.revature.service,UserService,80,96,5,7,20,30,6,8,3,5
JDBCDemo,com.revature.util,connectionUtility,16,20,3,1,6,9,2,2,0,2
JDBCDemo,com.revature.exceptions,OverdrawException,0,4,0,0,0,2,0,1,0,1
JDBCDemo,com.revature.exceptions,WithdrawNegativeException,0,4,0,0,0,2,0,1,0,1
